subject,questionnaire,word,sound,vowel_type,short_long,trial,F1,F2,duration
SM,q1,kāl,a:,a,long,c,744.6147763851071,1457.9488735159869,0.23160735545408784
SM,q1,gārm,a:,a,long,c,773.4232308220212,1572.5325034983414,0.2268002469439807
SM,q1,xīr,i:,i,long,c,405.392415947618,2373.258856612662,0.2247823695529405
LT,q1,čust,u,u,short,1,510.3422208711076,1459.0844543441917,0.07884584168306219
MF,q1,gārm,a:,a,long,c,621.0728285960762,1353.8330557045529,0.2077694939098933
SM,q1,žīr,i:,i,long,c,383.4351997713596,2661.179993452584,0.20290354693922552
SM,q1,pāst,a:,a,long,c,799.6710405953705,1455.657351659936,0.18796057056178483
LT,q1,čust,u,u,short,2,459.48371025588887,1493.9072000694111,0.08780634718394253
SM,q1,lavʒ,a,a,short,c,768.7573573532752,1807.2225982709756,0.1789679404911908
SM,q1,sūr,u:,u,long,c,367.3988711234608,860.8464439416497,0.17657663322648887
SM,q1,x̌ūʒ,u:,u,long,c,314.7998864289004,725.6948744529694,0.1739385292584661
SM,q1,žarn,a,a,short,c,722.9481923569282,1865.7076038938037,0.16582097799917506
SM,q1,x̌irn,i,i,short,c,554.764946277786,2426.4991771184373,0.16442213381534287
MF,q1,xīr,i:,i,long,c,392.3635079059697,2374.5122201850327,0.1628118037981494
SM,q1,māš,a:,a,long,c,790.0290956591847,1593.4552478658243,0.15890770371456142
LT,q1,čust,u,u,short,3,521.3603411810416,1552.7834677098228,0.06379984437992903
MF,q1,ðud,u,u,short,c,508.81848026938434,1152.8110086856152,0.15150179186467483
SM,q1,tāt,a:,a,long,c,821.7378713839909,1711.6429913014042,0.14902044870203213
LT,q1,čust,u,u,short,4,551.1707495188849,1626.0656781402204,0.04869571190144484
MF,q1,x̌ūʒ,u:,u,long,c,370.0765937119627,1034.300452013965,0.14304876090420748
SM,q1,nay,a,a,short,c,873.8513154837832,1856.5376166110223,0.1418264560653597
SM,q1,xūrn,u:,u,long,c,359.25603908626346,586.455583230084,0.14016713617854748
SM,q1,ziv,i,i,short,c,387.0436461168398,2276.9679867650725,0.1401078623379135
MF,q1,tīzd,i:,i,long,c,379.09684949678905,2581.470472837624,0.1388352889711939
MF,q1,x̌ūʒ,u:,u,long,c,365.3690359485095,1162.2298714420674,0.13880207012478607
MF,q1,žarn,a,a,short,c,603.3544235456257,1550.2538481550566,0.1378385867625127
SM,q1,ðud,u,u,short,c,409.70192626546145,602.1075636783536,0.13404471039996224
SM,q1,čīd,i:,i,long,c,360.0237343102587,2664.103863893261,0.13225783397405166
MF,q1,sūr,u:,u,long,c,387.97160954587736,1077.4109103664382,0.1317693509736273
MF,q1,pāst,a:,a,long,c,588.9717248113428,1187.6115462766727,0.13011806027168404
SM,q1,kal,a,a,short,c,796.1391031311001,1871.989970949335,0.12679032136742308
MF,q1,čūrð,u:,u,long,c,388.550556671683,1212.0076016024138,0.12642840465940708
MF,q1,xūrn,u:,u,long,c,331.4354861135739,904.1374131295742,0.12459629535098316
MF,q1,tāt,a:,a,long,c,581.9055571086558,1594.5964562145757,0.1213613121995536
LT,q1,čux̌,u,u,short,1,497.91717400466183,1211.5265501692586,0.08673364016766527
MF,q1,žīr,i:,i,long,c,391.1410716171638,2101.8316181350024,0.11777291313956084
LT,q1,čux̌,u,u,short,2,601.3040684179922,1261.345774581072,0.08113024122752677
MF,q1,mūn,u:,u,long,c,297.90822621884774,923.0316769283148,0.11461737376714609
MF,q1,kāl,a:,a,long,c,610.868882611658,1276.5379805073803,0.11252853487715697
SM,q1,čax̌,a,a,short,c,837.1022086122308,1858.8516201021707,0.10736753261991794
MF,q1,lavʒ,a,a,short,c,665.5559232345975,1555.1694619016382,0.10734275515585523
SM,q1,wax̌t,a,a,short,c,642.5708170945012,1315.7094339191726,0.10688672331839655
LT,q1,čux̌,u,u,short,3,549.4583361814243,1204.2378897276847,0.07582596887868931
SM,q1,wūrj,u:,u,long,c,357.4652473472513,846.1800123204199,0.10435057930073732
SM,q1,tux̌p,u,u,short,c,522.4016434590626,948.7470570746527,0.10417955382669675
MF,q1,siʒ,i,i,short,c,492.0902348406067,2062.8785385310916,0.10023949986808134
MF,q1,nay,a,a,short,c,595.397017092295,1782.7704279561385,0.09732291273604687
MF,q1,wax̌t,a,a,short,c,635.8397891649574,1354.1087672523756,0.0894559773525998
SM,q1,piš,i,i,short,c,534.7942957135823,2407.162962488352,0.08890889706162852
LT,q1,čux̌,u,u,short,4,506.0689695135083,1157.9377175171253,0.06670845401549741
MF,q1,čīd,i:,i,long,c,365.6570550916126,2535.4766394034496,0.08301286891507687
SM,q1,čux̌,u,u,short,c,441.17908279080945,845.4076344093651,0.079406783638035
MF,q1,x̌irn,i,i,short,c,516.9549649950891,2148.9149937659117,0.07570671112407013
MF,q1,siʒ,i,i,short,c,457.09320874713325,1952.9759384613255,0.07552544191591437
SM,q1,хаx̌,a,a,short,c,792.4749601027601,1661.6844235694757,0.07530710055871737
MF,q1,xist,i,i,short,c,503.69983518292776,2195.8510638491116,0.07503048846209026
MF,q1,kal,a,a,short,c,619.6385471410778,1505.0010473506768,0.0743829378830867
MF,q1,čax̌,a,a,short,c,580.9359349413079,1799.3801375364915,0.07423917106973477
SM,q1,puc,u,u,short,c,335.48203986999204,647.5147949765209,0.0685966620338263
SM,q1,xist,i,i,short,c,468.8562782039681,2029.3138075309528,0.06750875109511867
MF,q1,ziv,i,i,short,c,441.2844321544607,1912.221469178941,0.06745090602623804
MF,q1,wax̌t,a,a,short,c,599.4508969002857,1442.0285888596688,0.06673678733751132
LT,q1,ðud,u,u,short,1,598.862782235438,1380.8815474936257,0.18874550100632348
SM,q1,siʒ,i,i,short,c,459.73461313059727,2190.300596430304,0.06479204903949665
LT,q1,ðud,u,u,short,2,640.5946532992956,1402.0098127238869,0.1771890493248378
MF,q1,хаx̌,a,a,short,c,630.1028762710891,1547.6811629678398,0.06347158332056324
MF,q1,māš,a:,a,long,c,607.3857131351625,1494.9819135467544,0.06336381384514311
MF,q1,ðust,u,u,short,c,527.3439810934722,1628.3257690970565,0.056939887262387856
SM,q1,ðust,u,u,short,c,300.2004343819932,649.9999597086779,0.05681663121629299
MF,q1,puc,u,u,short,c,511.69676909635297,1418.92675312775,0.05173806189907282
LT,q1,ðud,u,u,short,3,596.0610323161749,1428.6678386605486,0.1813082524677867
LT,q1,ðud,u,u,short,4,601.9857933529951,1466.2213301848078,0.11998734236794917
MF,q1,piš,i,i,short,c,390.65443989486215,2125.8771431337846,0.048327784432103726
SM,q1,čūrð,u:,u,long,с,378.3596200013557,924.270600282596,0.1709848922039896
MF,q1,siʒ,i,i,short,7,475.9977381285595,2000.7030737995403,0.1123672454498319
MF,q1,siʒ,i,i,short,6,481.0593939667943,2006.837708550024,0.1253065040167769
MF,q1,siʒ,i,i,short,5,455.5232982698592,1951.2084731553973,0.10287421468331104
MF,q1,nīst,i:,i,long,5,460.6886401181575,2544.4564226593398,0.08947638577592443
MF,q1,tux̌p,u,u,short,5,457.3095359592095,1142.585619598838,0.0667077507849001
MF,q3,x̌ar,a,a,short,4,668.4912434543204,1708.080097893826,0.1477711059855693
LT,q1,gārm,a:,a,long,4,692.9213416130723,1465.24569263828,0.2858105899042016
LT,q1,ðust,u,u,short,1,652.0902565690249,1452.1579361977906,0.09924384307760192
SM,q3,x̌ār,a:,a,long,4,691.9683828970599,1480.8045682938491,0.23213931178162994
LT,q1,žarn,a,a,short,4,738.8239677473917,1647.5327835544967,0.22069651188226658
MF,q1,xīr,i:,i,long,4,378.84824271500503,2451.5593076148475,0.2132025397770576
LT,q1,tīzd,i:,i,long,4,358.7818403489346,2551.013445240424,0.19804707861166548
LT,q1,tāt,a:,a,long,4,785.3038697572684,1546.935452798197,0.19770104308554437
LT,q1,pāst,a:,a,long,4,826.1398720604063,1473.3429603570612,0.19212256173381093
LT,q1,žīr,i:,i,long,4,323.8465816639736,2391.1169577861706,0.1866304343218701
MF,q1,sūr,u:,u,long,4,381.36860992857504,980.8132442394101,0.1865253410699097
SM,q3,ka:l,a:,a,long,4,678.0087358955917,1563.611206593073,0.1811444958528199
MF,q1,žīr,i:,i,long,4,389.447701489537,2427.1292951110095,0.17695281498868098
MF,q1,čūrð,u:,u,long,4,363.7469087960698,1011.4300990170598,0.16915310428737484
LT,q1,xīr,i:,i,long,4,356.99244170442836,2546.096676397565,0.15936662249413303
MF,q1,vīrt,i:,i,long,4,375.6391716556691,2354.074437017395,0.1528400527448639
LT,q1,čīd,i:,i,long,4,291.31252638064717,2530.913750641798,0.15116107794474942
LT,q1,ziv,i,i,short,4,494.68837714618786,2033.4079247111397,0.1508463784159062
LT,q1,māš,a:,a,long,4,813.2407746851713,1479.8039486440275,0.14195254687086845
MF,q1,wūrj,u:,u,long,4,375.514201263184,1085.6051949452594,0.13898575871547791
MF,q1,siʒ,i,i,short,4,471.39064498029126,1779.7322369511603,0.13795917370592292
MF,q1,xūrn,u:,u,long,4,379.13673792096006,892.9135361471124,0.13788331592356684
MF,q3,cīx̌,i:,i,long,4,369.9598324602103,2488.7920516277986,0.13595547497570948
LT,q1,kāl,a:,a,long,4,733.7833935629044,1585.423760516593,0.13527938482370416
MF,q3,ka:l,a:,a,long,4,648.5518054698797,1433.4923022655953,0.13164336113762687
LT,q1,nay,a,a,short,4,873.3817336037515,1684.6003357149987,0.13103339352147714
LT,q1,vīrt,i:,i,long,4,330.9727659196645,2510.6949756133413,0.12911275095416386
MF,q3,ča:lak,a:,a,long,4,629.0021798305647,1450.2727426745403,0.12906033991714594
MF,q1,lavʒ,a,a,short,4,663.4502725069323,1503.1656717470912,0.12772116612234186
LT,q1,nīst,i:,i,long,4,421.12657470354105,2811.664810618257,0.1265906387172322
SM,q3,ča:lak,a:,a,long,4,736.1437658223653,1560.06033837417,0.12567784847700025
MF,q1,mūn,u:,u,long,4,362.8439796018641,1078.1038872879758,0.12162151005111355
MF,q1,ziv,i,i,short,4,477.41635035565787,1959.136954688941,0.11692436107551885
MF,q3,bu:n,u:,u,long,4,391.7755500807953,870.9451996247263,0.11513331616858125
MF,q1,gārm,a:,a,long,4,554.4906709104517,1400.0774267833076,0.11300522752293318
LT,q1,lavʒ,a,a,short,4,807.3766234852776,1510.1235776807964,0.10893585039684694
LT,q1,x̌irn,i,i,short,4,332.1894584091731,2725.4525802274125,0.10865562293408004
MF,q3,cix̌,i,i,short,4,421.6996814088269,2026.5658687287216,0.10207935458568329
MF,q1,vīrt,i:,i,long,4,355.2737046613495,2471.8280710841127,0.10206672808794792
MF,q3,kūdak,u:,u,long,4,351.25841995555356,992.8804693124687,0.10161452167901075
MF,q1,ðust,u,u,short,4,541.2984009712595,1393.8888563573842,0.10070384936989285
MF,q1,x̌irn,i,i,short,4,510.41677124410467,2131.723442956912,0.10015040768197991
MF,q1,tāt,a:,a,long,4,634.6529954761423,1471.9633394267516,0.09737403387288168
SM,q3,kūdak,u:,u,long,4,370.59331088215487,646.6280204287519,0.09562307082362054
SM,q3,x̌ar,a,a,short,4,759.8758465180148,1781.410814895345,0.09384423462471148
LT,q1,siʒ,i,i,short,4,434.0779064187955,2024.4653166474645,0.09109013741100114
MF,q3,čalak,a,a,short,4,711.3413125629453,1687.0817239252883,0.0888295778132715
SM,q3,cīx̌,i:,i,long,4,375.0950378294604,2681.270357294923,0.0886787599487846
LT,q1,čax̌,a,a,short,4,797.5564198713571,1565.9108065234768,0.08513824742271936
MF,q1,nīst,i:,i,long,4,380.5863094062967,2708.6916459817944,0.08166003963475532
LT,q1,wax̌t,a,a,short,4,846.4614659787331,1625.3997684041458,0.08152398502340219
MF,q3,bun,u,u,short,4,402.10980492406,786.9235050571219,0.07865489682632187
MF,q1,tux̌p,u,u,short,4,503.5510409073209,985.2808882536181,0.07594160925583537
MF,q1,čax̌,a,a,short,4,588.7910489089743,1518.307363431129,0.07585122998730753
MF,q1,хаx̌,a,a,short,4,684.7189389234837,1488.8980139629136,0.0752478177636533
LT,q1,kal,a,a,short,4,835.4684187061766,1645.2159855326006,0.07163139423238363
SM,q3,čalak,a,a,short,4,680.6103980855647,1799.9284337174252,0.0702508090056142
SM,q3,bu:n,u:,u,long,4,491.1239332263267,658.231172805376,0.06705237100199213
MF,q1,čux̌,u,u,short,4,513.6634916491311,1414.9561958708987,0.06454070517105492
SM,q3,cix̌,i,i,short,4,427.76998608452664,2527.8956676096223,0.06396683664991087
MF,q1,puc,u,u,short,4,534.5530729204577,1264.835562193897,0.06307886640570359
SM,q3,kal,a,a,short,4,673.3674532194049,1831.8282833597264,0.06306222910060022
MF,q1,čux̌,u,u,short,4,469.19962646277645,1323.9443122902696,0.06302775403338501
LT,q1,piš,i,i,short,4,452.34940468509086,2267.54717273855,0.06083354264950458
MF,q1,xist,i,i,short,4,510.6539856646598,2013.6731724784584,0.05461320934071523
MF,q3,kudak,u,u,short,4,389.99043176805856,702.8177282924122,0.05241689162126306
SM,q3,bun,u,u,short,4,505.1073259356685,849.654625810991,0.05024050307078198
LT,q1,xist,i,i,short,4,547.5879562948184,2233.3516811078,0.04999490571822207
SM,q3,kudbuc,u,u,short,4,410.0374399918529,581.1619821615558,0.038148214610558284
MF,q3,x̌ar,a,a,short,3,675.2999490198006,1630.6836063434423,0.17876909173658362
LT,q1,gārm,a:,a,long,3,747.2763071018317,1656.6872000084957,0.2505609761782921
LT,q1,ðust,u,u,short,2,619.6554923837812,1386.386347149503,0.09835754118012119
MF,q1,sūr,u:,u,long,3,354.3530483802228,872.8226829561854,0.2376352165331923
SM,q1,žīr,i:,i,long,3,390.4622513156616,2670.3128762327365,0.2375567998749375
SM,q1,xīr,i:,i,long,3,394.76384757825906,2047.2061105814216,0.23490857587512437
SM,q1,gārm,a:,a,long,3,739.5409745031326,1697.738589937765,0.22989356504848502
SM,q1,kāl,a:,a,long,3,821.8779352861169,1546.8830530245714,0.22951833681852207
SM,q3,ka:l,a:,a,long,3,701.1538583588232,1521.0366636502931,0.21618725088193003
SM,q1,vīrt,i:,i,long,3,451.8162324629749,2453.7838619541785,0.2158601174012631
LT,q1,tīzd,i:,i,long,3,370.45816035670094,2597.797036809073,0.2115386416031697
LT,q1,kāl,a:,a,long,3,639.8789817846322,1243.6764453606609,0.20772647675443068
SM,q1,žarn,a,a,short,3,761.5173104892717,1884.772203562688,0.20762451196196707
LT,q1,ðust,u,u,short,3,568.8531298928938,1383.4065879722086,0.08849287388471794
MF,q1,xīr,i:,i,long,3,403.8548040561253,2434.2118853658953,0.20705333467799392
MF,q1,gārm,a:,a,long,3,547.316880958707,1443.4295997827955,0.20566951409170997
SM,q1,sūr,u:,u,long,3,346.6534115489777,829.5713397930593,0.20452041031228418
SM,q1,māš,a:,a,long,3,799.3184552628509,1590.2472004608774,0.20351091610592675
SM,q3,x̌ar,a,a,short,3,738.8514247112955,1891.4566485415037,0.20344476460510919
LT,q1,xīr,i:,i,long,3,391.52305660087376,2565.2695944115017,0.2017702665864931
LT,q1,tāt,a:,a,long,3,785.3038697572684,1546.935452798197,0.19770104308554437
SM,q1,kal,a,a,short,3,840.2472768361146,1791.5611175582594,0.1921522000256175
SM,q1,lavʒ,a,a,short,3,827.2975631239915,1721.9443695330801,0.18987194794334528
SM,q1,pāst,a:,a,long,3,836.4649541610572,1637.4299911427188,0.1862618738479398
SM,q1,ziv,i,i,short,3,382.5505053433677,2432.8823274516476,0.18608751455928996
SM,q1,xūrn,u:,u,long,3,385.3978157853066,756.2398766059546,0.1853043772666929
SM,q1,čūrð,u:,u,long,3,388.0736048144237,846.5499298932247,0.18439608817706699
LT,q1,ðust,u,u,short,4,555.3080134331445,1331.5293951575222,0.06392875543065202
LT,q1,žīr,i:,i,long,3,358.4589162702859,2518.9172247581337,0.18090597415846332
LT,q1,ziv,i,i,short,3,498.6659333088106,1967.5135570722223,0.1757369393596946
SM,q3,x̌ār,a:,a,long,3,681.9991246854939,1407.0387187790627,0.17561623242269775
LT,q1,puc,u,u,short,1,574.4775763932819,1157.3715172281486,0.08689538522105522
MF,q1,žīr,i:,i,long,3,394.9500855990774,2374.6990277664554,0.17027776883747947
SM,q1,ðud,u,u,short,3,443.61926236259853,680.0646314404165,0.1702519407596128
MF,q1,kāl,a:,a,long,3,569.3337598303991,1303.7355023416535,0.1695778502528924
SM,q1,mūn,u:,u,long,3,341.1036999932597,696.8281973565503,0.16794135226479057
LT,q1,puc,u,u,short,2,583.5015607283812,1295.4484697680614,0.08653029898300701
MF,q3,ča:lak,a:,a,long,3,628.1453270897931,1454.7036817279095,0.16410044067946572
SM,q1,tāt,a:,a,long,3,830.5340724688471,1753.9952269926646,0.1638128655304456
LT,q1,lavʒ,a,a,short,3,724.8845240780623,1474.1686880258067,0.16331304422300263
MF,q1,čūrð,u:,u,long,3,371.7439933678699,1048.77567628606,0.16315148137351798
MF,q1,tāt,a:,a,long,3,591.8146343372894,1372.1431175442797,0.16275519491813384
LT,q1,čīd,i:,i,long,3,339.9963283631273,2405.3495946600456,0.16036880982402124
MF,q3,ka:l,a:,a,long,3,643.7390409177784,1382.2924247316034,0.15917563434049953
LT,q1,žarn,a,a,short,3,627.6681697549404,1633.266760635858,0.15763879511527534
LT,q1,puc,u,u,short,3,555.2140189898915,1264.3288350070977,0.08547401551260236
MF,q1,nay,a,a,short,3,587.9852166263149,1776.336315346076,0.15707817100332022
SM,q1,x̌irn,i,i,short,3,532.9855847620331,2373.4172060058854,0.15653324742541486
MF,q1,ðud,u,u,short,3,494.3492347399191,999.7445606779603,0.1563344320449005
LT,q1,vīrt,i:,i,long,3,364.4958655016039,2510.166154453512,0.156096016933418
LT,q1,māš,a:,a,long,3,696.0112709852466,1436.9829419883672,0.1559850963246845
SM,q1,tīzd,i:,i,long,3,383.6134809085677,2745.6257231535296,0.1545837508236616
MF,q3,bu:n,u:,u,long,3,321.7230989860532,878.6282195349114,0.1516823486755392
SM,q1,wax̌t,a,a,short,3,725.3802311364356,1474.3610067432933,0.1516544559701103
MF,q1,wūrj,u:,u,long,3,339.86522308865193,960.7658821946843,0.1510721473766523
MF,q1,lavʒ,a,a,short,3,588.918381308462,1487.5091961000035,0.15039254829218862
MF,q1,čīd,i:,i,long,3,362.6681866334074,2574.630227476422,0.1497380989368935
LT,q1,pāst,a:,a,long,3,752.8469872672222,1361.7439714736713,0.14921046373279978
LT,q1,nay,a,a,short,3,573.08174786992,1221.547198079923,0.1489173313323704
LT,q1,siʒ,i,i,short,3,494.7695269683066,2057.947976592468,0.14694310165481284
SM,q3,ča:lak,a:,a,long,3,642.4653906184064,1633.27646265815,0.1464836947308541
MF,q1,kal,a,a,short,3,631.9808123086725,1584.213354239666,0.1442988942471004
SM,q1,x̌ūʒ,u:,u,long,3,374.06741132337464,707.562659486746,0.14126410113736299
MF,q1,māš,a:,a,long,3,550.361769438791,1172.8266821197878,0.1385985976391737
MF,q1,mūn,u:,u,long,3,355.89242423209794,760.3752085008143,0.1375866159756356
MF,q3,cīx̌,i:,i,long,3,375.207054502392,2287.457241764842,0.13746394927072458
SM,q1,čax̌,a,a,short,3,730.3910100227679,1759.9917728146265,0.136965036758653
SM,q1,čīd,i:,i,long,3,402.36239296470063,2669.792397383109,0.13682828483960918
MF,q1,vīrt,i:,i,long,3,394.800721734784,2382.243689919655,0.13677687621219548
MF,q1,tīzd,i:,i,long,3,375.0945856907615,2545.2614994452565,0.13473324616060722
MF,q1,xūrn,u:,u,long,3,389.26586215966364,902.0452791156068,0.13461708553014518
MF,q1,x̌ūʒ,u:,u,long,3,364.5771897560143,1092.5407603376666,0.13172761998565363
LT,q1,puc,u,u,short,4,642.1979479424881,1216.0859324729531,0.08793595175239943
LT,q1,tux̌p,u,u,short,1,487.2809619623298,1122.0996390208122,0.06308276725974338
LT,q1,nīst,i:,i,long,3,393.67805373291037,2619.7409688438547,0.12951662178727474
MF,q1,ziv,i,i,short,3,476.74816027768003,1985.7851462649774,0.12859232868214576
MF,q1,nīst,i:,i,long,3,418.5804776304534,2662.178897303488,0.12201767670745767
SM,q1,хаx̌,a,a,short,3,877.2789239826155,1731.6877472360563,0.12190103507822414
MF,q3,kal,a,a,short,3,705.3478778765701,1628.6510351610425,0.12032550939644171
MF,q1,pāst,a:,a,long,3,624.7562493911485,1220.958770688877,0.11961922437126304
SM,q1,čux̌,u,u,short,3,470.9322277279475,771.873783750541,0.11390587898796412
SM,q1,siʒ,i,i,short,3,496.0318618989615,2357.343197132212,0.11287163822170498
MF,q3,kūdak,u:,u,long,3,378.44326702437525,892.6123484433733,0.1091748511849957
SM,q3,bu:n,u:,u,long,3,421.1488239054403,763.585309288051,0.1055954979361573
MF,q1,siʒ,i,i,short,3,437.1434879376431,2019.563037603291,0.10221306874582581
MF,q3,bun,u,u,short,3,418.1254107181809,669.5210941247251,0.09679478023954857
SM,q1,piš,i,i,short,3,482.2074749997477,2520.1682826994524,0.09607588340662687
SM,q1,xist,i,i,short,3,506.144076771694,2158.169669574983,0.09296901775059041
SM,q1,ðust,u,u,short,3,289.5847698811755,610.0446612136408,0.09275831349521013
SM,q1,puc,u,u,short,3,322.8036844570135,638.2092650981541,0.09080191870231147
SM,q3,čalak,a,a,short,3,723.9211738137014,1928.2209630112109,0.08950712660403326
LT,q1,tux̌p,u,u,short,2,586.5423859315478,1161.7707338732064,0.1080461483468298
LT,q1,tux̌p,u,u,short,3,552.0267973683544,1180.6713721378467,0.08851014308220329
MF,q1,хаx̌,a,a,short,3,666.5208251990285,1470.1990163373514,0.08810298554610085
MF,q1,x̌irn,i,i,short,3,471.07355543195104,2103.677757724034,0.08748089107911028
LT,q1,wax̌t,a,a,short,3,776.4484894196567,1604.6363882342762,0.08696387065479172
LT,q1,tux̌p,u,u,short,4,536.5733086149909,1242.7387438755661,0.05001672242011068
MF,q1,ðust,u,u,short,3,523.9932519421108,1530.9235362696745,0.08373856909639699
MF,q3,cix̌,i,i,short,3,433.6258104133899,2132.3012600578813,0.083465097792768
MF,q3,čalak,a,a,short,3,675.6614282082076,1662.2780730196873,0.08249525787714163
SM,q3,cīx̌,i:,i,long,3,415.4376780394581,2559.1026458539045,0.08073436584064098
LT,q1,kal,a,a,short,3,761.2780978443031,1607.8719766221336,0.0805414744915538
MF,q1,piš,i,i,short,3,437.4996379632694,2158.0732677500546,0.07763302189530918
SM,q3,bun,u,u,short,3,527.2745155412723,1171.5574816792118,0.07727210981613553
SM,q3,kal,a,a,short,3,786.4667134620549,1844.3794585983346,0.0772215300255894
MF,q1,tux̌p,u,u,short,3,425.2713425955419,1138.0232474198751,0.07611719687918139
MF,q1,xist,i,i,short,3,549.9591912057359,2032.1443161715156,0.07586999125732063
LT,q1,čūrd,u:,u,long,c,376.7795747829828,1028.4968408934485,0.2128663257315111
MF,q1,čax̌,a,a,short,3,598.719770024146,1633.3477762365173,0.07522973465827931
LT,q1,piš,i,i,short,3,445.02745295380674,1988.0881228462968,0.07490444278650443
MF,q1,žarn,a,a,short,3,578.7789373033493,1533.4780082570358,0.06963657128306977
MF,q1,čux̌,u,u,short,3,477.59741095079204,1221.7909959007561,0.06877740808215549
MF,q1,puc,u,u,short,3,526.6851566385019,1378.4522867378457,0.06861169182667481
LT,q1,vūɣd,u:,u,long,c,321.40233659015394,845.6833191172774,0.18778404363752088
SM,q3,cix̌,i,i,short,3,465.2098730227258,2544.0865997564288,0.06352853899241495
LT,q1,čax̌,a,a,short,3,746.0186201865874,1596.011548652774,0.0619677586101659
SM,q3,kūdak,u:,u,long,3,423.00583324341335,877.4586751329766,0.05820210035728479
LT,q1,xist,i,i,short,3,520.9390632518146,2206.714263377083,0.05614261255459496
MF,q3,kudak,u,u,short,3,399.98482196976954,632.5348114371063,0.0556164975416209
SM,q3,kudbuc,u,u,short,3,462.2287860906316,530.276930122454,0.028297144305412303
MF,q3,x̌ar,a,a,short,2,680.8748699677625,1722.3166038283096,0.14531173547970866
SM,q3,x̌ār,a:,a,long,2,672.4440949662468,1323.4213135895486,0.3657755911826541
SM,q1,sūr,u:,u,long,2,366.80957976149017,867.3543869630707,0.3194043291274511
LT,q1,gārm,a:,a,long,2,747.4272027089331,1632.1980365725026,0.2977880869951832
SM,q1,xīr,i:,i,long,2,409.0288480902802,2304.2802730106228,0.2946145055767033
SM,q1,žīr,i:,i,long,2,394.14912084559325,2558.1644543950442,0.28892043228032094
SM,q1,gārm,a:,a,long,2,769.0370965330541,1659.176739329669,0.2830640412257708
SM,q1,žarn,a,a,short,2,792.7522841127745,1933.9084292797975,0.27004756784597816
SM,q1,kāl,a:,a,long,2,791.919058811607,1517.2661630021378,0.2673126219002526
LT,q1,tīzd,i:,i,long,2,307.87416089153226,2537.1871901571753,0.266768309050434
SM,q1,pāst,a:,a,long,2,831.3392351644771,1658.1526697448774,0.2477329141004816
LT,q1,mūn,u:,u,long,c,272.3325556235616,844.7086324483872,0.15407703769386671
SM,q1,māš,a:,a,long,2,819.6052107878099,1580.6596482216546,0.2442130993271121
LT,q1,wūrj,u:,u,long,c,311.26190040792693,771.9037313117111,0.14863814007614096
SM,q1,tāt,a:,a,long,2,805.5161321552437,1735.7330451012972,0.2384856725905138
SM,q1,ziv,i,i,short,2,386.55835600134156,2493.7034631276665,0.22952954757488442
SM,q3,x̌ar,a,a,short,2,668.6350289575566,1477.726022808186,0.22881117779603244
SM,q1,vīrt,i:,i,long,2,402.90534874236926,2577.71693237881,0.22861780755496852
SM,q1,x̌ūʒ,u:,u,long,2,372.8792371253488,674.3706848105871,0.22336680560747713
SM,q1,čīd,i:,i,long,2,421.00868909053906,2656.2326492797174,0.22318326060882043
MF,q1,sūr,u:,u,long,2,351.0594934056525,914.0253703404288,0.22001773529387947
SM,q3,ka:l,a:,a,long,2,629.8641597102088,1431.2101782569357,0.21739731176381127
LT,q1,žīr,i:,i,long,2,330.87977579476603,2314.218992742432,0.2152397427285564
MF,q1,xīr,i:,i,long,2,375.44077708952585,2327.2592313548907,0.21217751618638658
LT,q1,žarn,a,a,short,2,682.7824706510565,1606.8370813285478,0.21129921319322875
SM,q1,čūrð,u:,u,long,2,409.0416681095264,864.0887951982645,0.21040066471485375
LT,q1,čīd,i:,i,long,2,370.0169332117546,2559.3020785662866,0.2069262851937026
SM,q1,tīzd,i:,i,long,2,396.51265420921,2437.796873532723,0.20612681440319136
LT,q1,kāl,a:,a,long,2,813.4020809385017,1518.319666214111,0.20278146016951837
SM,q1,kal,a,a,short,2,841.7606037005611,1793.875585328801,0.20264790843037872
LT,q1,x̌ūʒ,u:,u,long,c,301.17537038633907,943.0876738928489,0.11471684642308944
SM,q3,cīx̌,i:,i,long,2,408.1276240259139,2642.7021633689114,0.19856500396706878
LT,q1,xūrn,u:,u,long,c,402.4356439223875,893.8194798732104,0.10533449332100986
SM,q1,ðud,u,u,short,2,411.39772807718094,666.4146545372004,0.1952554799526922
SM,q1,xūrn,u:,u,long,2,383.5928942451141,718.564664721349,0.19439669911371737
SM,q1,x̌irn,i,i,short,2,561.7586340857439,2478.7241684180663,0.19382396725971773
LT,q1,xīr,i:,i,long,2,354.2490440765012,2182.0306668015655,0.19324632583339962
LT,q1,māš,a:,a,long,2,622.4996995277987,1455.259798846075,0.19147875605949594
SM,q1,lavʒ,a,a,short,2,787.1017750341236,1680.6957144355868,0.19136113969187818
MF,q1,kāl,a:,a,long,2,616.5303206759264,1340.2950775775407,0.1909321132061308
MF,q1,žīr,i:,i,long,2,388.2373564520636,2366.105792304505,0.19022255475431393
MF,q1,gārm,a:,a,long,2,604.6640964749577,1488.8029332830474,0.18804069859811534
LT,q1,siʒ,i,i,short,2,473.73824419617677,2124.692226156433,0.18483236018376203
SM,q3,ča:lak,a:,a,long,2,683.8356078462742,1610.2343109052258,0.18070594758370007
SM,q1,mūn,u:,u,long,2,260.57449070257843,761.8142788386755,0.17967254966561086
SM,q1,wax̌t,a,a,short,2,726.0083479760627,1429.9942763293943,0.17945777289796894
SM,q1,čux̌,u,u,short,2,479.641893492215,881.5355187661851,0.1784170953959574
LT,q1,sūr,u:,u,long,4,345.7706588388708,948.7437794759198,0.26346885374010753
LT,q1,nay,a,a,short,2,769.4293209317287,1793.399481765802,0.17467003674488524
LT,q1,sūr,u:,u,long,3,371.11948102304945,937.166766064663,0.24184532533598713
MF,q3,bu:n,u:,u,long,2,390.69242304129006,1025.024698270689,0.17211523259199524
SM,q1,nīst,i:,i,long,2,325.5309618904601,2374.0842244779874,0.1704800682930454
LT,q1,lavʒ,a,a,short,2,756.9196738913458,1549.9100558149364,0.1651012351695158
MF,q1,vīrt,i:,i,long,2,414.8519913050796,2340.4476414710944,0.16432409827410766
MF,q1,čūrð,u:,u,long,2,371.91483900584694,1041.0251177504165,0.16311014250851485
LT,q1,pāst,a:,a,long,2,702.6417926107498,1428.8937274593632,0.16166794300119136
LT,q1,čūrd,u:,u,long,3,348.14163710813943,913.0676897444539,0.2070821166314829
SM,q1,nay,a,a,short,2,828.8096540694054,1888.7798788934115,0.1572026995299609
MF,q1,mūn,u:,u,long,2,299.30902797620803,843.5168984246637,0.15637486591242578
MF,q1,xūrn,u:,u,long,2,352.6822794086137,865.2674101816608,0.15591617368363586
LT,q1,kal,a,a,short,2,699.9803927119586,1408.2273754567768,0.15360337936141377
LT,q1,vīrt,i:,i,long,2,379.7315223733494,2538.2726260279355,0.15345142747958107
MF,q3,ča:lak,a:,a,long,2,647.6471926626609,1228.44643669242,0.15204886845909016
MF,q1,māš,a:,a,long,2,623.7995081758115,1323.5834814218565,0.15134843405260767
LT,q1,vūɣd,u:,u,long,3,389.171627759535,897.3270989793259,0.17490916771345155
SM,q1,čax̌,a,a,short,2,702.3550738538127,1776.2474812395174,0.14460959694983444
MF,q1,tāt,a:,a,long,2,656.2704745204862,1513.8225825981096,0.14263617024812447
MF,q1,wūrj,u:,u,long,2,355.3085938107752,1009.2704257887924,0.1412687730150637
MF,q1,pāst,a:,a,long,2,636.2384983139871,1451.7229734884127,0.14045471149484
MF,q1,ziv,i,i,short,2,482.0871444422106,1875.2048077884542,0.1403586804402721
LT,q1,tāt,a:,a,long,2,754.0266529431062,1472.3056661742921,0.13956805102208136
SM,q1,wūrj,u:,u,long,2,377.5667302778077,858.7755630781578,0.13932663829680791
LT,q1,x̌irn,i,i,short,2,408.93726476852146,2738.5209350592963,0.13657853525444352
LT,q1,wax̌t,a,a,short,2,785.508002857575,1520.8712662842752,0.1350137340065416
SM,q1,siʒ,i,i,short,2,518.4133998007273,2319.966641933657,0.13455012019304036
MF,q1,lavʒ,a,a,short,2,643.2970470078961,1415.6441764670255,0.13274279665154154
MF,q1,ðud,u,u,short,2,418.00676321941785,762.9277692775484,0.132119952780954
MF,q1,tīzd,i:,i,long,2,384.0279922580095,2569.300446338106,0.12922140334475785
SM,q3,bu:n,u:,u,long,2,447.39284290432977,735.5845463969875,0.12902118073112234
MF,q3,ka:l,a:,a,long,2,700.0733900147249,1417.045103688054,0.1285722449949489
MF,q1,kal,a,a,short,2,688.515047148138,1621.8238241048716,0.12679665420495212
MF,q1,čīd,i:,i,long,2,361.14158694999935,2584.1600478512523,0.12540914709610718
LT,q1,ziv,i,i,short,2,474.1086418171004,1901.9047825359503,0.12521563694889437
MF,q3,cīx̌,i:,i,long,2,353.48507978561463,2446.5752124510987,0.12452772943521495
SM,q3,kal,a,a,short,2,729.976717963963,1800.6284642125786,0.12164095798884222
MF,q3,kūdak,u:,u,long,2,338.91455376173064,854.6257174147328,0.12056756175253724
SM,q1,xist,i,i,short,2,502.55068462486855,2673.266285424409,0.12048025769718151
MF,q3,kal,a,a,short,2,719.8532024878887,1660.5634689870406,0.12036020538716485
MF,q1,žarn,a,a,short,2,581.3261899513656,1771.2257252952807,0.11937722047483135
SM,q1,ðust,u,u,short,2,335.8919655103151,647.0414706153638,0.11774891230595586
MF,q1,x̌ūʒ,u:,u,long,2,294.328202525436,1251.5538792033992,0.11406619184845912
SM,q3,bun,u,u,short,2,500.3084339708005,1159.513281696523,0.11334010722471533
SM,q1,хаx̌,a,a,short,2,822.258448937668,1811.2960021629608,0.11291128322878308
SM,q1,puc,u,u,short,2,385.07277322036754,640.5955022050298,0.11119673192104074
LT,q1,wūrj,u:,u,long,3,382.5771581214774,909.5917797277093,0.16726982701961646
SM,q1,piš,i,i,short,2,490.98355144451176,2494.4705245729706,0.10684068827009696
LT,q1,nīst,i:,i,long,2,421.19858443725957,2812.3512991738576,0.1031544453138622
SM,q1,tux̌p,u,u,short,2,462.3524410089578,886.8661481631699,0.10262682395534739
MF,q1,nīst,i:,i,long,2,436.48051901122653,2214.3018702629247,0.10163693519757544
MF,q3,cix̌,i,i,short,2,405.45768830821174,2248.794017333189,0.09956789931220555
MF,q1,nay,a,a,short,2,642.3935296479849,1738.5364246337883,0.09949883956585381
LT,q1,mūn,u:,u,long,3,260.5382536268255,884.2168299212619,0.15718057301529598
SM,q3,kūdak,u:,u,long,2,396.56392191723313,722.0224144194756,0.09548964227055023
MF,q1,x̌irn,i,i,short,2,480.3759819247955,2112.9014483048113,0.09454977388992347
MF,q1,wax̌t,a,a,short,2,523.5045216328423,1231.3089259139263,0.0932508255906015
SM,q3,čalak,a,a,short,2,694.6182707109222,1903.4062722596327,0.09202152456997226
MF,q1,siʒ,i,i,short,2,465.0038671050009,2144.3289259206313,0.08861827777982967
LT,q1,x̌ūʒ,u:,u,long,3,311.1759619386088,822.9426738696478,0.1310211439182627
MF,q1,čax̌,a,a,short,2,633.7034521444583,1679.1389525607997,0.08705908817404406
LT,q1,xūrn,u:,u,long,3,393.57430466853526,854.2782717486639,0.13069875207543902
LT,q1,čax̌,a,a,short,2,836.954259382616,1556.912444910205,0.08484479563963987
MF,q3,čalak,a,a,short,2,693.5827542192061,1755.819692955853,0.08332270136541808
MF,q1,хаx̌,a,a,short,2,666.6511661815379,1457.7938271205328,0.08193953140255417
LT,q1,sūr,u:,u,long,2,354.3348893716083,973.368040916987,0.24595348031652975
SM,q3,cix̌,i,i,short,2,431.59560623132074,2427.8260811018204,0.08014024597032687
LT,q1,piš,i,i,short,2,498.791115720005,2110.8797294630936,0.0767277124032546
MF,q1,ðust,u,u,short,2,535.7288461828674,1498.4996003900444,0.07000807621818694
MF,q3,bun,u,u,short,2,417.18414912520285,718.752787204486,0.06991713780934106
MF,q1,čux̌,u,u,short,2,453.62873056813186,1142.5682038502725,0.0685961865367517
MF,q1,tux̌p,u,u,short,2,434.38087819392877,1080.5397621052314,0.06526990078177164
LT,q1,xist,i,i,short,2,548.8687832038443,2093.510872748715,0.06440836943676231
MF,q3,kudak,u,u,short,2,459.8361827149926,624.4385472057738,0.06390021877118102
MF,q1,puc,u,u,short,2,494.1580764579872,1295.5770928807449,0.06203071209046129
MF,q1,piš,i,i,short,2,443.5110642692416,2235.742151219373,0.059083216987232845
MF,q1,xist,i,i,short,2,513.3391382563137,2087.868788041906,0.058036479331349256
SM,q3,kudbuc,u,u,short,2,440.6661563148061,638.609981429713,0.05785319281291379
SM,q3,x̌ār,a:,a,long,1,678.08377155977,1387.8270004593028,0.3322579252451803
SM,q1,sūr,u:,u,long,1,385.0455549604911,854.2975095081899,0.32432906547961693
LT,q1,gārm,a:,a,long,1,697.9678676471375,1605.1552173959733,0.3237099014681917
SM,q1,xīr,i:,i,long,1,350.27194164098194,1868.218461049652,0.2858054339814089
SM,q1,vīrt,i:,i,long,1,385.65748273018505,2509.5298771105386,0.2745454921084445
SM,q1,žarn,a,a,short,1,779.7374456144364,1866.7718708124996,0.256477338305956
LT,q1,xīr,i:,i,long,1,349.6728517892603,2628.026879395635,0.25625155374893893
LT,q1,čūrd,u:,u,long,2,359.9271328212442,1001.137224896448,0.23856373401039832
LT,q1,vūɣd,u:,u,long,2,351.29591269788267,879.8449084993155,0.20148190914675013
SM,q1,nay,a,a,short,1,845.141402195309,1795.9879976506622,0.24659246985089567
SM,q1,gārm,a:,a,long,1,748.2936588606741,1652.2830742738245,0.24378303802723167
LT,q1,čīd,i:,i,long,1,308.17808489694664,2543.864931766102,0.23973470287424448
SM,q1,māš,a:,a,long,1,817.0424883238803,1561.1950604483832,0.2389799614844037
LT,q1,žīr,i:,i,long,1,344.2965722813598,2545.4904718462467,0.23788146594210957
SM,q1,žīr,i:,i,long,1,410.18468210857304,2457.7258579716167,0.23755679987492329
SM,q1,kāl,a:,a,long,1,842.0286609377612,1474.261512940635,0.23672941343630782
SM,q3,x̌ar,a,a,short,1,704.0007123815562,1525.165667287355,0.2353115925882605
MF,q1,xīr,i:,i,long,1,418.856033319522,2415.852082214896,0.23190836162984851
SM,q1,lavʒ,a,a,short,1,834.6718413518647,1666.7743429547654,0.23156931690346028
LT,q1,mūn,u:,u,long,2,273.08476720556,895.4446142930311,0.19839258422621242
SM,q1,čūrð,u:,u,long,1,357.26736273812946,823.5073377807377,0.22694903160251556
MF,q1,sūr,u:,u,long,1,351.73442792752195,1035.2325029837266,0.22683802277720133
SM,q1,čīd,i:,i,long,1,395.77268391681537,2713.163420368133,0.2259019149034458
LT,q1,tīzd,i:,i,long,1,311.4614296293239,2603.0790740382326,0.2228007804351364
LT,q1,x̌ūʒ,u:,u,long,2,294.8889306607147,871.9543898716477,0.1721962706494704
SM,q3,cīx̌,i:,i,long,1,390.82336434759065,2741.539336067233,0.22167513774640213
SM,q1,tāt,a:,a,long,1,833.9798280104657,1770.5285934728724,0.22145517431320627
LT,q1,wūrj,u:,u,long,2,280.79667314497715,830.740625546274,0.16108380814009848
SM,q1,kal,a,a,short,1,859.0510103328703,1754.4814980306064,0.21637306557505553
LT,q1,xūrn,u:,u,long,2,384.0302480506675,887.1020031803214,0.1465098613846294
SM,q1,ziv,i,i,short,1,410.6210346825554,2404.5110188564386,0.21526499942052624
LT,q1,pāst,a:,a,long,1,760.9817245183525,1463.6828870789436,0.21406713409817257
SM,q1,pāst,a:,a,long,1,828.9959479264558,1685.8453812482412,0.2139931702024569
LT,q1,žarn,a,a,short,1,703.0231316276953,1614.4333690398616,0.2124875672999167
MF,q1,gārm,a:,a,long,1,625.7910006664356,1411.8186722258085,0.21178093924379482
MF,q1,žīr,i:,i,long,1,394.0589603957005,2336.41226784524,0.20644767179175005
LT,q1,lavʒ,a,a,short,1,767.657359116216,1532.4905727543244,0.20582794644906244
SM,q1,mūn,u:,u,long,1,365.15925207384373,771.3663525462638,0.20508532968335658
MF,q1,tīzd,i:,i,long,1,356.23448204560486,2495.316106638867,0.19988136639031495
MF,q1,čūrð,u:,u,long,1,360.75384002423857,1026.4006236489868,0.19653070134233985
MF,q1,kāl,a:,a,long,1,645.2802908930771,1454.8525739622955,0.19603465390561325
SM,q1,tīzd,i:,i,long,1,389.75715795490913,2787.643145878369,0.19368519646810967
LT,q1,nay,a,a,short,1,811.68594845383,1730.8051880418868,0.19172891249826307
MF,q1,wūrj,u:,u,long,1,339.0569763386395,990.665795851637,0.19062375136836707
MF,q3,bu:n,u:,u,long,1,324.14934139919745,942.2249592406761,0.1896803805069105
LT,q1,sūr,u:,u,long,1,299.8913922099231,980.4074097844621,0.2524423195876011
SM,q3,ča:lak,a:,a,long,1,728.2195239000995,1600.7218406417408,0.18626386648909588
LT,q1,māš,a:,a,long,1,759.3070876209257,1467.1880555043344,0.18291970482778197
SM,q1,ðud,u,u,short,1,477.40868887793886,753.0104388280402,0.17837910345360797
MF,q1,māš,a:,a,long,1,585.2831994339192,1302.066041645714,0.17551849221490556
SM,q1,x̌irn,i,i,short,1,544.8037179561268,2374.968338645343,0.17220194923141463
LT,q1,vīrt,i:,i,long,1,342.1651388000718,2518.161882424367,0.16944335106518338
LT,q1,tāt,a:,a,long,1,794.9015040679269,1521.4485968328634,0.16906916706835773
MF,q1,xūrn,u:,u,long,1,342.54524867117533,955.094293736612,0.16705141329791928
MF,q1,čīd,i:,i,long,1,344.9663716736998,2558.9555372484265,0.16312969824163304
SM,q3,ka:l,a:,a,long,1,783.1365368049462,1588.6340996826732,0.16072422281987286
LT,q1,wax̌t,a,a,short,1,811.0028608642385,1526.9067500849117,0.15835096544611105
MF,q3,kal,a,a,short,1,670.808033356359,1520.2375968185902,0.1556129017859167
MF,q3,cīx̌,i:,i,long,1,332.9046447260354,2436.8150235680714,0.1549205425123219
SM,q1,wūrj,u:,u,long,1,395.2431866264917,805.9673209968207,0.151670893626898
SM,q1,xūrn,u:,u,long,1,363.7433340720626,668.7276317855552,0.14981452367161197
SM,q1,x̌ūʒ,u:,u,long,1,406.47480662054323,863.1495541241413,0.14959800667630319
LT,q1,kal,a,a,short,1,784.0604131142966,1577.7692797779362,0.1482682383874021
MF,q1,pāst,a:,a,long,1,624.9025639124158,1386.8739142148638,0.14654136579085275
MF,q3,ča:lak,a:,a,long,1,697.573937212142,1356.6980890573761,0.14643308965065316
MF,q3,x̌ar,a,a,short,1,700.5398624826137,1659.661610718631,0.14531173547970866
LT,q1,vūɣd,u:,u,long,1,326.49542744613854,846.7084426920205,0.2500703432437774
SM,q1,nīst,i:,i,long,1,405.69711012782255,1792.7471896218744,0.14497022763566747
SM,q1,čax̌,a,a,short,1,711.9936978228142,1756.2820014610245,0.14449955963590355
MF,q1,tāt,a:,a,long,1,677.1569248280437,1470.2217380887773,0.13997719693577437
MF,q1,žarn,a,a,short,1,612.923430871365,1592.4113416926766,0.13948285760744739
SM,q1,siʒ,i,i,short,1,489.88690598499505,2380.99892464871,0.1385099893365691
LT,q1,x̌irn,i,i,short,1,344.85406424693156,2702.9848324757104,0.1382567939024284
MF,q1,ðud,u,u,short,1,474.3071405042019,794.8553865296457,0.13796548911622608
MF,q1,lavʒ,a,a,short,1,595.9584302080915,1602.0461901803662,0.13787852402646195
MF,q1,nay,a,a,short,1,580.0712876209736,1554.624175725302,0.13590613239227878
SM,q1,tux̌p,u,u,short,1,472.7149949960834,907.9777753795478,0.13586485246310076
MF,q3,ka:l,a:,a,long,1,658.1327701115755,1386.8397375941347,0.13467254220506675
MF,q1,mūn,u:,u,long,1,293.1860376423666,850.9244564816321,0.13294257300020718
LT,q1,nīst,i:,i,long,1,319.6520705341251,2714.4972827626743,0.13281163683643626
MF,q1,čax̌,a,a,short,1,651.5229848335024,1626.7560227157585,0.13227755232682625
LT,q1,siʒ,i,i,short,1,434.83550024735615,2148.431358080839,0.13179969869686659
SM,q1,ðust,u,u,short,1,368.60742786939585,610.2693426568096,0.13148008973411152
LT,q1,kāl,a:,a,long,1,752.9415889323141,1603.2369363649332,0.13117599810772163
SM,q1,wax̌t,a,a,short,1,739.874366412302,1425.1088866702332,0.13017007470767794
MF,q1,x̌ūʒ,u:,u,long,1,345.90191799717485,1076.4738123167906,0.1296682260596862
SM,q1,xist,i,i,short,1,441.9230184276962,2565.7325520176787,0.1294266205893564
LT,q1,ziv,i,i,short,1,500.8974245571963,1955.6910078209305,0.1283630636019666
MF,q1,ziv,i,i,short,1,456.13923342001806,2008.3493370070605,0.12802590935558555
SM,q1,čux̌,u,u,short,1,490.1371320855773,862.0003761429073,0.12574389212207393
MF,q1,kal,a,a,short,1,684.6354170788239,1529.0087401602523,0.125629065146029
MF,q3,kūdak,u:,u,long,1,321.83434617926173,1033.606059218113,0.12467645427168605
SM,q3,čalak,a,a,short,1,711.8542568109061,1833.2791275864229,0.12324297327639044
MF,q1,siʒ,i,i,short,1,461.9279786695824,2148.6070795751234,0.11960317502972373
MF,q3,bun,u,u,short,1,419.8833129563958,836.1065032753748,0.11410924190815308
SM,q1,хаx̌,a,a,short,1,839.7385875049054,1722.3597556792042,0.11327380092134831
MF,q1,x̌irn,i,i,short,1,531.4649538584172,2086.712521116077,0.11008133947629517
SM,q1,piš,i,i,short,1,493.4405952075938,2546.683364378726,0.10911941230602906
MF,q1,vīrt,i:,i,long,1,374.6764166861211,2511.8694733504335,0.1058085479106694
LT,q1,čax̌,a,a,short,1,845.8481894214608,1551.385178262308,0.10188462072306947
MF,q1,хаx̌,a,a,short,1,655.6154287966291,1475.980548839801,0.10070508875753603
MF,q1,nīst,i:,i,long,1,467.11290104641995,2635.42640045033,0.10050066117810275
LT,q1,mūn,u:,u,long,1,267.6223813890125,847.5832263668198,0.22812970813714628
SM,q3,cix̌,i,i,short,1,424.3020367587534,2460.330087658682,0.09597535632387633
MF,q1,wax̌t,a,a,short,1,635.7946535228085,1320.7217999212044,0.09504623078745311
MF,q1,piš,i,i,short,1,458.14195755738893,2196.639842232516,0.09239061155321338
MF,q3,cix̌,i,i,short,1,398.41033180377445,2245.6378852118096,0.08953826709344526
SM,q3,kūdak,u:,u,long,1,380.78287244133594,608.9164567568979,0.08853113704878979
MF,q3,čalak,a,a,short,1,707.9940402992434,1736.9577921104346,0.08840796895778169
LT,q1,čūrd,u:,u,long,1,329.3636406247709,943.5699988489584,0.22183385640025222
LT,q1,wūrj,u:,u,long,1,318.4499513721309,873.5523154366067,0.2201926475505438
SM,q3,kal,a,a,short,1,737.0940066700757,1789.7564348485305,0.08606039413040412
SM,q1,puc,u,u,short,1,327.9113456738888,612.6162792851621,0.08318344485064699
SM,q3,bun,u,u,short,1,406.9379905366714,1039.9593332802308,0.08291646514513218
MF,q1,čux̌,u,u,short,1,467.7528820604439,1323.5475971723233,0.0824998213292929
MF,q1,puc,u,u,short,1,522.7642109783413,1295.9577676200354,0.0808878112938487
LT,q1,xūrn,u:,u,long,1,360.46209931888296,847.084090130571,0.2157770272942443
MF,q1,ðust,u,u,short,1,539.8744519747157,1577.6759389141835,0.07626605916948392
MF,q1,tux̌p,u,u,short,1,463.6577732224717,1105.7025557404406,0.0754986799701669
LT,q1,piš,i,i,short,1,447.5258739557515,2073.964751959428,0.07465473674395184
LT,q1,xist,i,i,short,1,476.05577529243277,2324.330442269497,0.0728132065763134
MF,q1,xist,i,i,short,1,501.58890620029496,2152.056620660564,0.07202956956788853
SM,q3,bu:n,u:,u,long,1,477.0513071369831,840.4067802451395,0.0669824969135
LT,q1,x̌ūʒ,u:,u,long,1,289.6670722173189,842.9442409328041,0.14501736856122172
MF,q3,kudak,u,u,short,1,402.6280117308614,634.5376786348178,0.05803451258049108
SM,q3,kudbuc,u,u,short,1,447.7142248142629,608.3331413231907,0.03595492869902728